Mandatory,010039,"HUNTSVILLE HOSPITAL",26620,"Huntsville, AL",AL
Mandatory,010052,"LAKE MARTIN COMMUNITY HOSPITAL",10760,"Alexander City, AL",AL
Mandatory,010065,"RUSSELL MEDICAL CENTER",10760,"Alexander City, AL",AL
Mandatory,010079,"ATHENS LIMESTONE HOSPITAL",26620,"Huntsville, AL",AL
Mandatory,010131,"CRESTWOOD MEDICAL CENTER",26620,"Huntsville, AL",AL
Mandatory,030006,"TUCSON MEDICAL CENTER",46060,"Tucson, AZ",AZ
Mandatory,030010,"ST. MARY'S HOSPITAL",46060,"Tucson, AZ",AZ
Mandatory,030011,"ST JOSEPH'S HOSPITAL",46060,"Tucson, AZ",AZ
Mandatory,030064,"BANNER - UNIVERSITY MEDICAL CENTER TUCSON CAMPUS",46060,"Tucson, AZ",AZ
Mandatory,030085,"NORTHWEST MEDICAL CENTER",46060,"Tucson, AZ",AZ
Mandatory,030111,"BANNER-UNIVERSITY MEDICAL CENTER SOUTH CAMPUS",46060,"Tucson, AZ",AZ
Mandatory,030114,"ORO VALLEY HOSPITAL",46060,"Tucson, AZ",AZ
Mandatory,030148,"NORTHWEST MEDICAL CENTER SAHUARITA",46060,"Tucson, AZ",AZ
Mandatory,040014,"UNITY HEALTH WHITE COUNTY MEDICAL CENTER",42620,"Searcy, AR",AR
Mandatory,040017,"NORTH ARKANSAS REGIONAL MEDICAL CENTER",25460,"Harrison, AR",AR
Mandatory,040026,"CHI ST VINCENT HOSPITAL HOT SPRINGS",26300,"Hot Springs, AR",AR
Mandatory,040050,"OUACHITA COUNTY MEDICAL CENTER",15780,"Camden, AR",AR
Mandatory,040078,"NATIONAL PARK MEDICAL CENTER",26300,"Hot Springs, AR",AR
Mandatory,040119,"WHITE RIVER MEDICAL CENTER",12900,"Batesville, AR",AR
Mandatory,040156,"BAPTIST MEMORIAL HOSPITAL-CRITTENDEN, INC",32820,"Memphis, TN-MS-AR",AR
Mandatory,050002,"ST ROSE HOSPITAL",41860,"San Francisco-Oakland-Fremont, CA",CA
Mandatory,050006,"PROVIDENCE ST JOSEPH HOSPITAL",21700,"Eureka-Arcata, CA",CA
Mandatory,050007,"MILLS-PENINSULA MEDICAL CENTER",41860,"San Francisco-Oakland-Fremont, CA",CA
Mandatory,050008,"CALIFORNIA PACIFIC MEDICAL CTR-DAVIES CAMPUS HOSP",41860,"San Francisco-Oakland-Fremont, CA",CA
Mandatory,050022,"RIVERSIDE COMMUNITY HOSPITAL",40140,"Riverside-San Bernardino-Ontario, CA",CA
Mandatory,050024,"PARADISE VALLEY HOSPITAL",41740,"San Diego-Chula Vista-Carlsbad, CA",CA
Mandatory,050025,"UC SAN DIEGO HEALTH HILLCREST - HILLCREST MED CTR",41740,"San Diego-Chula Vista-Carlsbad, CA",CA
Mandatory,050026,"GROSSMONT HOSPITAL",41740,"San Diego-Chula Vista-Carlsbad, CA",CA
Mandatory,050028,"MAD RIVER COMMUNITY HOSPITAL",21700,"Eureka-Arcata, CA",CA
Mandatory,050036,"BAKERSFIELD MEMORIAL HOSPITAL",12540,"Bakersfield-Delano, CA",CA
Mandatory,050038,"SANTA CLARA VALLEY MEDICAL CENTER",41940,"San Jose-Sunnyvale-Santa Clara, CA",CA
Mandatory,050043,"ALTA BATES SUMMIT MEDICAL CENTER",41860,"San Francisco-Oakland-Fremont, CA",CA
Mandatory,050047,"CALIFORNIA PACIFIC MEDICAL CENTER- VAN NESS CAMPUS",41860,"San Francisco-Oakland-Fremont, CA",CA
Mandatory,050054,"SAN GORGONIO MEMORIAL HOSPITAL",40140,"Riverside-San Bernardino-Ontario, CA",CA
Mandatory,050055,"CALIFORNIA PACIFIC MEDICAL CENTER - MISSION BERNAL",41860,"San Francisco-Oakland-Fremont, CA",CA
Mandatory,050070,"KAISER FOUNDATION HOSPITAL - SOUTH SAN FRANCISCO",41860,"San Francisco-Oakland-Fremont, CA",CA
Mandatory,050071,"KAISER FOUNDATION HOSPITAL-SANTA CLARA",41940,"San Jose-Sunnyvale-Santa Clara, CA",CA
Mandatory,050072,"KAISER FOUNDATION HOSPITAL - WALNUT CREEK",41860,"San Francisco-Oakland-Fremont, CA",CA
Mandatory,050075,"KAISER FOUNDATION HOSPITAL - OAKLAND/RICHMOND",41860,"San Francisco-Oakland-Fremont, CA",CA
Mandatory,050076,"KAISER FOUNDATION HOSPITAL - SAN FRANCISCO",41860,"San Francisco-Oakland-Fremont, CA",CA
Mandatory,050077,"SCRIPPS MERCY HOSPITAL",41740,"San Diego-Chula Vista-Carlsbad, CA",CA
Mandatory,050089,"COMMUNITY HOSPITAL OF SAN BERNARDINO",40140,"Riverside-San Bernardino-Ontario, CA",CA
Mandatory,050090,"SONOMA VALLEY HOSPITAL",42220,"Santa Rosa-Petaluma, CA",CA
Mandatory,050099,"SAN ANTONIO REGIONAL HOSPITAL",40140,"Riverside-San Bernardino-Ontario, CA",CA
Mandatory,050100,"SHARP MEMORIAL HOSPITAL",41740,"San Diego-Chula Vista-Carlsbad, CA",CA
Mandatory,050102,"DOCTORS HOSPITAL OF RIVERSIDE, LLC",40140,"Riverside-San Bernardino-Ontario, CA",CA
Mandatory,050113,"SAN MATEO MEDICAL CENTER",41860,"San Francisco-Oakland-Fremont, CA",CA
Mandatory,050115,"PALOMAR HEALTH DOWNTOWN CAMPUS",41740,"San Diego-Chula Vista-Carlsbad, CA",CA
Mandatory,050121,"ADVENTIST HEALTH HANFORD",25260,"Hanford-Corcoran, CA",CA
Mandatory,050128,"TRI-CITY MEDICAL CENTER",41740,"San Diego-Chula Vista-Carlsbad, CA",CA
Mandatory,050129,"ST BERNARDINE MEDICAL CENTER",40140,"Riverside-San Bernardino-Ontario, CA",CA
Mandatory,050131,"NOVATO COMMUNITY HOSPITAL",41860,"San Francisco-Oakland-Fremont, CA",CA
Mandatory,050136,"PETALUMA VALLEY HOSPITAL",42220,"Santa Rosa-Petaluma, CA",CA
Mandatory,050140,"KAISER FOUNDATION HOSPITAL FONTANA",40140,"Riverside-San Bernardino-Ontario, CA",CA
Mandatory,050152,"UCSF HEALTH SAINT FRANCIS HOSPITAL",41860,"San Francisco-Oakland-Fremont, CA",CA
Mandatory,050174,"PROVIDENCE SANTA ROSA MEMORIAL HOSPITAL",42220,"Santa Rosa-Petaluma, CA",CA
Mandatory,050180,"JOHN MUIR MEDICAL CENTER - WALNUT CREEK CAMPUS",41860,"San Francisco-Oakland-Fremont, CA",CA
Mandatory,050195,"WASHINGTON HOSPITAL",41860,"San Francisco-Oakland-Fremont, CA",CA
Mandatory,050197,"SEQUOIA HOSPITAL",41860,"San Francisco-Oakland-Fremont, CA",CA
Mandatory,050211,"ALAMEDA HOSPITAL",41860,"San Francisco-Oakland-Fremont, CA",CA
Mandatory,050222,"SHARP CHULA VISTA MEDICAL CENTER",41740,"San Diego-Chula Vista-Carlsbad, CA",CA
Mandatory,050228,"ZUCKERBERG SAN FRANCISCO GENERAL HOSP & TRAUMA CTR",41860,"San Francisco-Oakland-Fremont, CA",CA
Mandatory,050232,"FRENCH HOSPITAL MEDICAL CENTER",42020,"San Luis Obispo-Paso Robles, CA",CA
Mandatory,050234,"SHARP CORONADO HOSPITAL AND HLTHCR CTR",41740,"San Diego-Chula Vista-Carlsbad, CA",CA
Mandatory,050243,"DESERT REGIONAL MEDICAL CENTER",40140,"Riverside-San Bernardino-Ontario, CA",CA
Mandatory,050245,"ARROWHEAD REGIONAL MEDICAL CENTER",40140,"Riverside-San Bernardino-Ontario, CA",CA
Mandatory,050257,"GOOD SAMARITAN HOSPITAL, LP",12540,"Bakersfield-Delano, CA",CA
Mandatory,050272,"REDLANDS COMMUNITY HOSPITAL",40140,"Riverside-San Bernardino-Ontario, CA",CA
Mandatory,050276,"CONTRA COSTA REGIONAL MEDICAL CENTER",41860,"San Francisco-Oakland-Fremont, CA",CA
Mandatory,050279,"HI-DESERT MEDICAL CENTER",40140,"Riverside-San Bernardino-Ontario, CA",CA
Mandatory,050283,"STANFORD HEALTH CARE TRI-VALLEY",41860,"San Francisco-Oakland-Fremont, CA",CA
Mandatory,050289,"AHMC SETON MEDICAL CENTER",41860,"San Francisco-Oakland-Fremont, CA",CA
Mandatory,050291,"SUTTER SANTA ROSA REGIONAL HOSPITAL",42220,"Santa Rosa-Petaluma, CA",CA
Mandatory,050292,"RIVERSIDE UNIVERSITY HEALTH SYSTEM-MEDICAL CENTER",40140,"Riverside-San Bernardino-Ontario, CA",CA
Mandatory,050295,"MERCY HOSPITAL",12540,"Bakersfield-Delano, CA",CA
Mandatory,050298,"BARSTOW COMMUNITY HOSPITAL",40140,"Riverside-San Bernardino-Ontario, CA",CA
Mandatory,050300,"PROVIDENCE ST MARY MEDICAL CENTER",40140,"Riverside-San Bernardino-Ontario, CA",CA
Mandatory,050305,"ALTA BATES SUMMIT MEDICAL CENTER - ALTA BATES CAMP",41860,"San Francisco-Oakland-Fremont, CA",CA
Mandatory,050308,"EL CAMINO HEALTH",41940,"San Jose-Sunnyvale-Santa Clara, CA",CA
Mandatory,050315,"KERN MEDICAL CENTER",12540,"Bakersfield-Delano, CA",CA
Mandatory,050320,"HIGHLAND HOSPITAL",41860,"San Francisco-Oakland-Fremont, CA",CA
Mandatory,050324,"SCRIPPS MEMORIAL HOSPITAL LA JOLLA",41740,"San Diego-Chula Vista-Carlsbad, CA",CA
Mandatory,050327,"LOMA LINDA UNIVERSITY MEDICAL CENTER",40140,"Riverside-San Bernardino-Ontario, CA",CA
Mandatory,050329,"CORONA REGIONAL MEDICAL CENTER",40140,"Riverside-San Bernardino-Ontario, CA",CA
Mandatory,050360,"MARINHEALTH MEDICAL CENTER",41860,"San Francisco-Oakland-Fremont, CA",CA
Mandatory,050380,"GOOD SAMARITAN HOSPITAL",41940,"San Jose-Sunnyvale-Santa Clara, CA",CA
Mandatory,050390,"HEMET GLOBAL MEDICAL CENTER",40140,"Riverside-San Bernardino-Ontario, CA",CA
Mandatory,050407,"CHINESE HOSPITAL",41860,"San Francisco-Oakland-Fremont, CA",CA
Mandatory,050417,"SUTTER COAST HOSPITAL",18860,"Crescent City, CA",CA
Mandatory,050424,"SCRIPPS GREEN HOSPITAL",41740,"San Diego-Chula Vista-Carlsbad, CA",CA
Mandatory,050441,"STANFORD HEALTH CARE",41940,"San Jose-Sunnyvale-Santa Clara, CA",CA
Mandatory,050454,"UCSF MEDICAL CENTER",41860,"San Francisco-Oakland-Fremont, CA",CA
Mandatory,050455,"ADVENTIST HEALTH BAKERSFIELD",12540,"Bakersfield-Delano, CA",CA
Mandatory,050457,"UCSF HEALTH ST. MARY'S HOSPITAL",41860,"San Francisco-Oakland-Fremont, CA",CA
Mandatory,050488,"EDEN MEDICAL CENTER",41860,"San Francisco-Oakland-Fremont, CA",CA
Mandatory,050496,"JOHN MUIR MEDICAL CENTER - CONCORD CAMPUS",41860,"San Francisco-Oakland-Fremont, CA",CA
Mandatory,050503,"SCRIPPS MEMORIAL HOSPITAL - ENCINITAS",41740,"San Diego-Chula Vista-Carlsbad, CA",CA
Mandatory,050506,"ADVENTIST HEALTH SIERRA VISTA",42020,"San Luis Obispo-Paso Robles, CA",CA
Mandatory,050510,"KAISER FOUNDATION HOSPITAL",41860,"San Francisco-Oakland-Fremont, CA",CA
Mandatory,050512,"KAISER FOUNDATION HOSPITAL - FREMONT",41860,"San Francisco-Oakland-Fremont, CA",CA
Mandatory,050515,"KAISER FOUNDATION HOSPITAL - ZION",41740,"San Diego-Chula Vista-Carlsbad, CA",CA
Mandatory,050517,"VICTOR VALLEY GLOBAL MEDICAL CENTER",40140,"Riverside-San Bernardino-Ontario, CA",CA
Mandatory,050523,"SUTTER DELTA MEDICAL CENTER",41860,"San Francisco-Oakland-Fremont, CA",CA
Mandatory,050534,"JOHN F KENNEDY MEMORIAL HOSPITAL",40140,"Riverside-San Bernardino-Ontario, CA",CA
Mandatory,050541,"KAISER FOUNDATION HOSPITAL - REDWOOD CITY",41860,"San Francisco-Oakland-Fremont, CA",CA
Mandatory,050573,"EISENHOWER MEDICAL CENTER",40140,"Riverside-San Bernardino-Ontario, CA",CA
Mandatory,050586,"CHINO VALLEY MEDICAL CENTER",40140,"Riverside-San Bernardino-Ontario, CA",CA
Mandatory,050604,"KAISER FOUNDATION HOSPITAL-SAN JOSE",41940,"San Jose-Sunnyvale-Santa Clara, CA",CA
Mandatory,050608,"ADVENTIST HEALTH DELANO",12540,"Bakersfield-Delano, CA",CA
Voluntary,050625,"CEDARS-SINAI MEDICAL CENTER",31080,"Los Angeles-Long Beach-Anaheim, CA",CA
Mandatory,050633,"ADVENTIST HEALTH TWIN CITIES",42020,"San Luis Obispo-Paso Robles, CA",CA
Mandatory,050636,"PALOMAR MEDICAL CENTER POWAY",41740,"San Diego-Chula Vista-Carlsbad, CA",CA
Mandatory,050668,"LAGUNA HONDA HOSPITAL & REHABILITATION CENTER",41860,"San Francisco-Oakland-Fremont, CA",CA
Mandatory,050684,"MENIFEE GLOBAL MEDICAL CENTER",40140,"Riverside-San Bernardino-Ontario, CA",CA
Mandatory,050686,"KAISER FOUNDATION HOSPITAL, RIVERSIDE",40140,"Riverside-San Bernardino-Ontario, CA",CA
Mandatory,050689,"SAN RAMON REGIONAL MEDICAL CENTER",41860,"San Francisco-Oakland-Fremont, CA",CA
Mandatory,050690,"KAISER FOUNDATION HOSPITAL-SANTA ROSA",42220,"Santa Rosa-Petaluma, CA",CA
Mandatory,050701,"SOUTHWEST HEALTHCARE RANCHO SPRINGS HOSPITAL",40140,"Riverside-San Bernardino-Ontario, CA",CA
Mandatory,050709,"DESERT VALLEY HOSPITAL",40140,"Riverside-San Bernardino-Ontario, CA",CA
Mandatory,050758,"MONTCLAIR HOSPITAL MEDICAL CENTER",40140,"Riverside-San Bernardino-Ontario, CA",CA
Mandatory,050760,"KAISER FOUNDATION HOSPITAL - ANTIOCH",41860,"San Francisco-Oakland-Fremont, CA",CA
Mandatory,050765,"KAISER FOUNDATION HOSPITAL-MORENO VALLEY",40140,"Riverside-San Bernardino-Ontario, CA",CA
Mandatory,050770,"LOMA LINDA UNIVERSITY MEDICAL CENTER-MURRIETA",40140,"Riverside-San Bernardino-Ontario, CA",CA
Mandatory,050775,"TEMECULA VALLEY HOSPITAL",40140,"Riverside-San Bernardino-Ontario, CA",CA
Mandatory,050777,"KAISER FOUNDATION HOSPITAL - SAN LEANDRO",41860,"San Francisco-Oakland-Fremont, CA",CA
Mandatory,050778,"LOMA LINDA UNIVERSITY CHILDREN'S HOSPITAL",40140,"Riverside-San Bernardino-Ontario, CA",CA
Mandatory,050855,"KAISER FOUNDATION HOSPITAL - SAN MARCOS",41740,"San Diego-Chula Vista-Carlsbad, CA",CA
Mandatory,060004,"INTERMOUNTAIN HEALTH PLATTE VALLEY HOSPITAL",19740,"Denver-Aurora-Centennial, CO",CO
Mandatory,060009,"INTERMOUNTAIN HEALTH LUTHERAN HOSPITAL",19740,"Denver-Aurora-Centennial, CO",CO
Mandatory,060010,"POUDRE VALLEY HOSPITAL",22660,"Fort Collins-Loveland, CO",CO
Mandatory,060011,"DENVER HEALTH MEDICAL CENTER",19740,"Denver-Aurora-Centennial, CO",CO
Mandatory,060014,"HCA HEALTHONE PRESBYTERIAN ST LUKE'S",19740,"Denver-Aurora-Centennial, CO",CO
Mandatory,060015,"ST ANTHONY HOSPITAL",19740,"Denver-Aurora-Centennial, CO",CO
Mandatory,060024,"UNIVERSITY OF COLORADO HOSPITAL AUTHORITY",19740,"Denver-Aurora-Centennial, CO",CO
Mandatory,060028,"INTERMOUNTAIN HEALTH SAINT JOSEPH HOSPITAL",19740,"Denver-Aurora-Centennial, CO",CO
Mandatory,060032,"HCA HEALTHONE ROSE",19740,"Denver-Aurora-Centennial, CO",CO
Mandatory,060034,"HCA HEALTHONE SWEDISH",19740,"Denver-Aurora-Centennial, CO",CO
Mandatory,060044,"ST ELIZABETH HOSPITAL",22820,"Fort Morgan, CO",CO
Mandatory,060049,"UCHEALTH YAMPA VALLEY MEDICAL CENTER",44460,"Steamboat Springs, CO",CO
Mandatory,060064,"ADVENTHEALTH PORTER",19740,"Denver-Aurora-Centennial, CO",CO
Mandatory,060065,"HCA HEALTHONE MOUNTAIN RIDGE",19740,"Denver-Aurora-Centennial, CO",CO
Mandatory,060100,"HCA HEALTHONE AURORA",19740,"Denver-Aurora-Centennial, CO",CO
Mandatory,060104,"ST ANTHONY NORTH HOSPITAL",19740,"Denver-Aurora-Centennial, CO",CO
Mandatory,060107,"NATIONAL JEWISH HEALTH",19740,"Denver-Aurora-Centennial, CO",CO
Mandatory,060112,"HCA HEALTHONE SKY RIDGE",19740,"Denver-Aurora-Centennial, CO",CO
Mandatory,060113,"ADVENTHEALTH LITTLETON",19740,"Denver-Aurora-Centennial, CO",CO
Mandatory,060114,"ADVENTHEALTH PARKER",19740,"Denver-Aurora-Centennial, CO",CO
Mandatory,060118,"ST ANTHONY SUMMIT HOSPITAL",14720,"Breckenridge, CO",CO
Mandatory,060119,"MEDICAL CENTER OF THE ROCKIES",22660,"Fort Collins-Loveland, CO",CO
Mandatory,060124,"ORTHOCOLORADO HOSP AT ST ANTHONY MED CAMPUS",19740,"Denver-Aurora-Centennial, CO",CO
Mandatory,060125,"ADVENTHEALTH CASTLE ROCK",19740,"Denver-Aurora-Centennial, CO",CO
Mandatory,060126,"BANNER FORT COLLINS MEDICAL CENTER",22660,"Fort Collins-Loveland, CO",CO
Mandatory,060129,"UCHEALTH BROOMFIELD HOSPITAL",19740,"Denver-Aurora-Centennial, CO",CO
Mandatory,060132,"UCHEALTH HIGHLANDS RANCH HOSPITAL",19740,"Denver-Aurora-Centennial, CO",CO
Mandatory,070017,"MIDSTATE MEDICAL CENTER",35300,"New Haven, CT",CT
Mandatory,070022,"YALE-NEW HAVEN HOSPITAL",35300,"New Haven, CT",CT
Mandatory,070038,"CONNECTICUT HOSPICE INC,THE",35300,"New Haven, CT",CT
Mandatory,090001,"GEORGE WASHINGTON UNIV HOSPITAL",47900,"Washington-Arlington-Alexandria, DC-VA-MD-WV",DC
Mandatory,090003,"HOWARD UNIVERSITY HOSPITAL CORP",47900,"Washington-Arlington-Alexandria, DC-VA-MD-WV",DC
Mandatory,090004,"MEDSTAR GEORGETOWN UNIVERSITY HOSPITAL",47900,"Washington-Arlington-Alexandria, DC-VA-MD-WV",DC
Mandatory,090005,"SIBLEY MEMORIAL HOSPITAL",47900,"Washington-Arlington-Alexandria, DC-VA-MD-WV",DC
Mandatory,090011,"MEDSTAR WASHINGTON HOSPITAL CENTER",47900,"Washington-Arlington-Alexandria, DC-VA-MD-WV",DC
Mandatory,100001,"UF HEALTH JACKSONVILLE",27260,"Jacksonville, FL",FL
Mandatory,100014,"ADVENTHEALTH NEW SMYRNA BEACH",19660,"Deltona-Daytona Beach-Ormond Beach, FL",FL
Mandatory,100017,"HALIFAX HEALTH MEDICAL CENTER",19660,"Deltona-Daytona Beach-Ormond Beach, FL",FL
Mandatory,100026,"ASCENSION SACRED HEART BAY",37460,"Panama City-Panama City Beach, FL",FL
Mandatory,100040,"ASCENSION ST VINCENT'S RIVERSIDE",27260,"Jacksonville, FL",FL
Mandatory,100045,"ADVENTHEALTH DELAND",19660,"Deltona-Daytona Beach-Ormond Beach, FL",FL
Mandatory,100052,"WINTER HAVEN HOSPITAL",29460,"Lakeland-Winter Haven, FL",FL
Mandatory,100054,"HCA FLORIDA TWIN CITIES HOSPITAL",18880,"Crestview-Fort Walton Beach-Destin, FL",FL
Mandatory,100068,"ADVENTHEALTH DAYTONA BEACH",19660,"Deltona-Daytona Beach-Ormond Beach, FL",FL
Mandatory,100072,"ADVENTHEALTH FISH MEMORIAL",19660,"Deltona-Daytona Beach-Ormond Beach, FL",FL
Mandatory,100077,"ADVENTHEALTH PORT CHARLOTTE",39460,"Punta Gorda, FL",FL
Mandatory,100088,"BAPTIST MEDICAL CENTER JACKSONVILLE",27260,"Jacksonville, FL",FL
Mandatory,100090,"FLAGLER HOSPITAL",27260,"Jacksonville, FL",FL
Mandatory,100099,"ADVENTHEALTH LAKE WALES",29460,"Lakeland-Winter Haven, FL",FL
Mandatory,100117,"BAPTIST MEDICAL CENTER - BEACHES",27260,"Jacksonville, FL",FL
Mandatory,100118,"ADVENTHEALTH PALM COAST",19660,"Deltona-Daytona Beach-Ormond Beach, FL",FL
Mandatory,100121,"BARTOW REGIONAL MEDICAL CENTER",29460,"Lakeland-Winter Haven, FL",FL
Mandatory,100122,"NORTH OKALOOSA MEDICAL CENTER",18880,"Crestview-Fort Walton Beach-Destin, FL",FL
Voluntary,100127,"MORTON PLANT HOSPITAL",45300,"Tampa-St. Petersburg-Clearwater, FL",FL
Mandatory,100134,"ED FRASER MEMORIAL HOSPITAL",27260,"Jacksonville, FL",FL
Mandatory,100137,"ADVENTHEALTH HEART OF FLORIDA",29460,"Lakeland-Winter Haven, FL",FL
Mandatory,100140,"BAPTIST MEDICAL CENTER - NASSAU",27260,"Jacksonville, FL",FL
Mandatory,100150,"LOWER KEYS MEDICAL CENTER",28580,"Key West-Key Largo, FL",FL
Mandatory,100151,"MAYO CLINIC",27260,"Jacksonville, FL",FL
Mandatory,100156,"HCA FLORIDA LAKE CITY HOSPITAL",29380,"Lake City, FL",FL
Mandatory,100157,"LAKELAND REGIONAL MEDICAL CENTER",29460,"Lakeland-Winter Haven, FL",FL
Mandatory,100175,"DESOTO MEMORIAL HOSPITAL",11580,"Arcadia, FL",FL
Mandatory,100179,"HCA FLORIDA MEMORIAL HOSPITAL",27260,"Jacksonville, FL",FL
Mandatory,100223,"HCA FLORIDA FORT WALTON-DESTIN HOSPITAL",18880,"Crestview-Fort Walton Beach-Destin, FL",FL
Mandatory,100226,"HCA FLORIDA ORANGE PARK HOSPITAL",27260,"Jacksonville, FL",FL
Mandatory,100236,"HCA FLORIDA FAWCETT HOSPITAL",39460,"Punta Gorda, FL",FL
Mandatory,100242,"HCA FLORIDA GULF COAST HOSPITAL",37460,"Panama City-Panama City Beach, FL",FL
Voluntary,100284,"KERALTY HOSPITAL",33100,"Miami-Fort Lauderdale-West Palm Beach, FL",FL
Mandatory,100292,"SACRED HEART HOSPITAL ON THE EMERALD COAST",18880,"Crestview-Fort Walton Beach-Destin, FL",FL
Mandatory,100307,"ASCENSION ST VINCENT'S SOUTHSIDE",27260,"Jacksonville, FL",FL
Mandatory,100321,"ASCENSION ST VINCENT'S CLAY COUNTY",27260,"Jacksonville, FL",FL
Mandatory,100330,"HALIFAX HEALTH /UF HEALTH MEDICAL CENTER OF DELTON",19660,"Deltona-Daytona Beach-Ormond Beach, FL",FL
Mandatory,100361,"ASCENSION ST VINCENT'S ST JOHNS COUNTY",27260,"Jacksonville, FL",FL
Mandatory,100363,"ADVENTHEALTH PALM COAST PARKWAY",19660,"Deltona-Daytona Beach-Ormond Beach, FL",FL
Mandatory,100365,"NORTH WALTON DOCTORS HOSPITAL",18880,"Crestview-Fort Walton Beach-Destin, FL",FL
Mandatory,110001,"HAMILTON MEDICAL CENTER",19140,"Dalton, GA",GA
Mandatory,110002,"UPSON REGIONAL MEDICAL CENTER",45580,"Thomaston, GA",GA
Mandatory,110007,"PHOEBE PUTNEY MEMORIAL HOSPITAL",10500,"Albany, GA",GA
Mandatory,110016,"WELLSTAR WEST GEORGIA MEDICAL CENTER",29300,"LaGrange, GA-AL",GA
Mandatory,110024,"CANDLER HOSPITAL",42340,"Savannah, GA",GA
Mandatory,110032,"STEPHENS COUNTY HOSPITAL",45740,"Toccoa, GA",GA
Mandatory,110036,"MEMORIAL HEALTH UNIVERSITY MEDICAL CENTER",42340,"Savannah, GA",GA
Mandatory,110043,"ST JOSEPH'S HOSPITAL - SAVANNAH",42340,"Savannah, GA",GA
Mandatory,110050,"ADVENTHEALTH MURRAY",19140,"Dalton, GA",GA
Mandatory,110054,"ATRIUM HEALTH FLOYD MEDICAL CENTER",40660,"Rome, GA",GA
Mandatory,110089,"COFFEE REGIONAL MEDICAL CENTER, INC",20060,"Douglas, GA",GA
Mandatory,110124,"WAYNE MEMORIAL HOSPITAL",27700,"Jesup, GA",GA
Mandatory,110168,"ADVENTHEALTH REDMOND",40660,"Rome, GA",GA
Mandatory,130002,"ST LUKE'S MAGIC VALLEY RMC",46300,"Twin Falls, ID",ID
Mandatory,140013,"CARLE HEALTH PROCTOR HOSPITAL",37900,"Peoria, IL",IL
Mandatory,140053,"ST JOHNS HOSPITAL",44100,"Springfield, IL",IL
Mandatory,140064,"ST MARY MEDICAL CENTER",23660,"Galesburg, IL",IL
Mandatory,140067,"SAINT FRANCIS MEDICAL CENTER",37900,"Peoria, IL",IL
Mandatory,140091,"THE CARLE FOUNDATION HOSPITAL",16580,"Champaign-Urbana, IL",IL
Mandatory,140113,"OSF HEART OF MARY MEDICAL CENTER",16580,"Champaign-Urbana, IL",IL
Mandatory,140120,"CARLE HEALTH PEKIN HOSPITAL",37900,"Peoria, IL",IL
Mandatory,140148,"MEMORIAL MEDICAL CENTER",44100,"Springfield, IL",IL
Mandatory,140155,"ST. MARY'S HOSPITAL-KANKAKEE",28100,"Kankakee, IL",IL
Mandatory,140161,"SAINT JAMES HOSPITAL",38700,"Pontiac, IL",IL
Mandatory,140186,"RIVERSIDE MEDICAL CENTER",28100,"Kankakee, IL",IL
Mandatory,140209,"CARLE HEALTH METHODIST HOSPITAL",37900,"Peoria, IL",IL
Mandatory,150006,"NORTHWEST HEALTH-LA PORTE",33140,"Michigan City-La Porte, IN",IN
Mandatory,150015,"FRANCISCAN HEALTH MICHIGAN CITY",33140,"Michigan City-La Porte, IN",IN
Mandatory,150045,"PARKVIEW DEKALB HOSPITAL",12140,"Auburn, IN",IN
Mandatory,150048,"REID HEALTH",39980,"Richmond, IN",IN
Mandatory,150069,"NORTON-KING'S DAUGHTERS' HEALTH",31500,"Madison, IN",IN
Mandatory,150112,"COLUMBUS REGIONAL HOSPITAL",18020,"Columbus, IN",IN
Mandatory,160045,"ST LUKES HOSPITAL",16300,"Cedar Rapids, IA",IA
Mandatory,160057,"SOUTHEAST IOWA REGIONAL MEDICAL CENTER",15460,"Burlington, IA-IL",IA
Mandatory,160069,"MERCYONE DUBUQUE MEDICAL CENTER",20220,"Dubuque, IA",IA
Mandatory,160079,"MERCY MEDICAL CENTER - CEDAR RAPIDS",16300,"Cedar Rapids, IA",IA
Mandatory,160089,"OTTUMWA REGIONAL HEALTH CENTER",36900,"Ottumwa, IA",IA
Mandatory,160117,"FINLEY HOSPITAL",20220,"Dubuque, IA",IA
Mandatory,170013,"HAYS MEDICAL CENTER",25700,"Hays, KS",KS
Mandatory,170020,"HUTCHINSON REGIONAL MEDICAL CENTER INC",26740,"Hutchinson, KS",KS
Mandatory,170137,"LMH",29940,"Lawrence, KS",KS
Mandatory,170191,"UNIVERSITY  OF KS HLTH SYSTEM GREAT BEND CAMPUS",24460,"Great Bend, KS",KS
Mandatory,170198,"SUMMIT SURGICAL, LLC",26740,"Hutchinson, KS",KS
Mandatory,180010,"SAINT JOSEPH HOSPITAL",30460,"Lexington-Fayette, KY",KY
Mandatory,180011,"CHI SAINT JOSEPH LONDON",18340,"Corbin, KY",KY
Mandatory,180013,"THE MEDICAL CENTER AT BOWLING GREEN",14540,"Bowling Green, KY",KY
Mandatory,180017,"T J SAMSON COMMUNITY HOSPITAL",23980,"Glasgow, KY",KY
Mandatory,180020,"MIDDLESBORO APPALACHIAN REGIONAL HEALTHCARE HOSPIT",33180,"Middlesborough, KY",KY
Mandatory,180043,"ADVENTHEALTH MANCHESTER",18340,"Corbin, KY",KY
Mandatory,180046,"CENTERPOINT HEALTH - PARIS",30460,"Lexington-Fayette, KY",KY
Mandatory,180067,"UNIVERSITY OF KENTUCKY HOSPITAL",30460,"Lexington-Fayette, KY",KY
Mandatory,180080,"BAPTIST HEALTH CORBIN",18340,"Corbin, KY",KY
Mandatory,180092,"CLARK REGIONAL MEDICAL CENTER",30460,"Lexington-Fayette, KY",KY
Mandatory,180101,"CENTERPOINT HEALTH - GEORGETOWN",30460,"Lexington-Fayette, KY",KY
Mandatory,180102,"MERCY HEALTH LOURDES HOSPITAL",37140,"Paducah, KY-IL",KY
Mandatory,180103,"BAPTIST HEALTH LEXINGTON",30460,"Lexington-Fayette, KY",KY
Mandatory,180104,"BAPTIST HEALTH PADUCAH",37140,"Paducah, KY-IL",KY
Mandatory,180124,"TRISTAR GREENVIEW REGIONAL HOSPITAL",14540,"Bowling Green, KY",KY
Mandatory,180143,"CHI SAINT JOSEPH EAST",30460,"Lexington-Fayette, KY",KY
Mandatory,180154,"PINEVILLE COMMUNITY HEALTH CENTER, INC",33180,"Middlesborough, KY",KY
Mandatory,190002,"OCHSNER LAFAYETTE GENERAL MEDICAL CENTER",29180,"Lafayette, LA",LA
Mandatory,190006,"OCHSNER UNIVERSITY HOSPITAL AND CLINICS",29180,"Lafayette, LA",LA
Mandatory,190007,"NATCHITOCHES REGIONAL MEDICAL CENTER",35060,"Natchitoches, LA",LA
Mandatory,190011,"OCHSNER LSU HEALTH MONROE",33740,"Monroe, LA",LA
Mandatory,190015,"NORTH OAKS MEDICAL CENTER, LLC",25220,"Hammond, LA",LA
Mandatory,190019,"CHRISTUS ST FRANCES CABRINI HOSPITAL",10780,"Alexandria, LA",LA
Mandatory,190020,"LANE REGIONAL MEDICAL CENTER",12940,"Baton Rouge, LA",LA
Mandatory,190026,"RAPIDES REGIONAL MEDICAL CENTER",10780,"Alexandria, LA",LA
Mandatory,190034,"ABBEVILLE GENERAL HOSPITAL",29180,"Lafayette, LA",LA
Mandatory,190044,"OCHSNER ACADIA GENERAL HOSPITAL",29180,"Lafayette, LA",LA
Voluntary,190045,"ST TAMMANY PARISH HOSPITAL",43640,"Slidell-Mandeville-Covington, LA",LA
Mandatory,190064,"OUR LADY OF THE LAKE REGIONAL MEDICAL CENTER",12940,"Baton Rouge, LA",LA
Mandatory,190065,"BATON ROUGE GENERAL MEDICAL CENTER",12940,"Baton Rouge, LA",LA
Mandatory,190086,"NORTHERN LOUISIANA MEDICAL CENTER",40820,"Ruston, LA",LA
Mandatory,190102,"OUR LADY OF LOURDES REGIONAL MEDICAL CENTER, INC",29180,"Lafayette, LA",LA
Mandatory,190116,"MOREHOUSE GENERAL HOSPITAL",33740,"Monroe, LA",LA
Mandatory,190125,"FMOL HEALTH ST FRANCIS",33740,"Monroe, LA",LA
Mandatory,190128,"WOMANS HOSPITAL",12940,"Baton Rouge, LA",LA
Mandatory,190151,"RICHARDSON MEDICAL CENTER",33740,"Monroe, LA",LA
Mandatory,190160,"GLENWOOD REGIONAL MEDICAL CENTER",33740,"Monroe, LA",LA
Mandatory,190202,"OCHSNER MEDICAL CENTER - BATON ROUGE",12940,"Baton Rouge, LA",LA
Mandatory,190245,"MONROE SURGICAL HOSPITAL",33740,"Monroe, LA",LA
Mandatory,190251,"SURGICAL SPECIALTY CENTER OF BATON ROUGE",12940,"Baton Rouge, LA",LA
Mandatory,190255,"PARK PLACE SURGICAL HOSPITAL",29180,"Lafayette, LA",LA
Mandatory,190259,"LAFAYETTE SURGICAL SPECIALTY HOSPITAL",29180,"Lafayette, LA",LA
Mandatory,190266,"THE SPINE HOSPITAL OF LOUISIANA",12940,"Baton Rouge, LA",LA
Mandatory,190298,"CHRISTUS CENTRAL LOUISIANA SURGICAL HOSPITAL",10780,"Alexandria, LA",LA
Mandatory,190303,"CYPRESS POINTE SURGICAL HOSPITAL",25220,"Hammond, LA",LA
Mandatory,190312,"OUR LADY OF THE ANGELS HOSPITAL",14220,"Bogalusa, LA",LA
Mandatory,190316,"THE GENERAL",12940,"Baton Rouge, LA",LA
Mandatory,190319,"ALEXANDRIA HOSPITAL",10780,"Alexandria, LA",LA
Mandatory,190320,"RISE COMMUNITY HOSPITAL",12940,"Baton Rouge, LA",LA
Mandatory,200024,"CENTRAL MAINE MEDICAL CENTER",30340,"Lewiston-Auburn, ME",ME
Mandatory,200034,"ST MARY'S REGIONAL MEDICAL CENTER",30340,"Lewiston-Auburn, ME",ME
Mandatory,200039,"MAINEGENERAL MEDICAL CENTER",12300,"Augusta-Waterville, ME",ME
Mandatory,220002,"MOUNT AUBURN HOSPITAL",14460,"Boston-Cambridge-Newton, MA-NH",MA
Mandatory,220008,"STURDY MEMORIAL HOSPITAL",39300,"Providence-Warwick, RI-MA",MA
Mandatory,220010,"MERRIMACK HEALTH LAWRENCE HOSPITAL",14460,"Boston-Cambridge-Newton, MA-NH",MA
Mandatory,220011,"CAMBRIDGE HEALTH ALLIANCE",14460,"Boston-Cambridge-Newton, MA-NH",MA
Mandatory,220012,"CAPE COD HOSPITAL",12700,"Barnstable Town, MA",MA
Mandatory,220020,"BROWN UNIVERSITY HEALTH SAINT ANNE'S HOSPITAL",39300,"Providence-Warwick, RI-MA",MA
Mandatory,220029,"ANNA JAQUES HOSPITAL",14460,"Boston-Cambridge-Newton, MA-NH",MA
Mandatory,220031,"BOSTON MEDICAL CENTER CORPORATION-",14460,"Boston-Cambridge-Newton, MA-NH",MA
Mandatory,220033,"BEVERLY HOSPITAL CORPORATION",14460,"Boston-Cambridge-Newton, MA-NH",MA
Mandatory,220035,"NORTH SHORE MEDICAL CENTER -",14460,"Boston-Cambridge-Newton, MA-NH",MA
Mandatory,220036,"BOSTON MEDICAL CENTER-BRIGHTON",14460,"Boston-Cambridge-Newton, MA-NH",MA
Mandatory,220049,"MARLBOROUGH HOSPITAL",14460,"Boston-Cambridge-Newton, MA-NH",MA
Mandatory,220052,"SIGNATURE HEALTHCARE BROCKTON HOSPITAL",14460,"Boston-Cambridge-Newton, MA-NH",MA
Mandatory,220060,"BETH ISRAEL DEACONESS HOSPITAL - PLYMOUTH",14460,"Boston-Cambridge-Newton, MA-NH",MA
Mandatory,220063,"LOWELL GENERAL HOSPITAL",14460,"Boston-Cambridge-Newton, MA-NH",MA
Mandatory,220070,"MELROSEWAKEFIELD HEALTHCARE",14460,"Boston-Cambridge-Newton, MA-NH",MA
Mandatory,220071,"MASSACHUSETTS GENERAL HOSPITAL",14460,"Boston-Cambridge-Newton, MA-NH",MA
Mandatory,220073,"BROWN UNIVERSITY HEALTH MORTON HOSPITAL",39300,"Providence-Warwick, RI-MA",MA
Mandatory,220074,"SOUTHCOAST HOSPITAL GROUP, INC",39300,"Providence-Warwick, RI-MA",MA
Mandatory,220075,"MASSACHUSETTS EYE AND EAR INFIRMARY -",14460,"Boston-Cambridge-Newton, MA-NH",MA
Mandatory,220080,"MERRIMACK HEALTH METHUEN HOSPITAL",14460,"Boston-Cambridge-Newton, MA-NH",MA
Mandatory,220083,"BETH ISRAEL DEACONESS HOSPITAL - NEEDHAM",14460,"Boston-Cambridge-Newton, MA-NH",MA
Mandatory,220084,"EMERSON HOSPITAL -",14460,"Boston-Cambridge-Newton, MA-NH",MA
Mandatory,220086,"BETH ISRAEL DEACONESS MEDICAL CENTER",14460,"Boston-Cambridge-Newton, MA-NH",MA
Mandatory,220088,"NEW ENGLAND BAPTIST HOSPITAL",14460,"Boston-Cambridge-Newton, MA-NH",MA
Mandatory,220100,"SOUTH SHORE HOSPITAL",14460,"Boston-Cambridge-Newton, MA-NH",MA
Mandatory,220101,"NEWTON-WELLESLEY HOSPITAL",14460,"Boston-Cambridge-Newton, MA-NH",MA
Mandatory,220105,"WINCHESTER HOSPITAL",14460,"Boston-Cambridge-Newton, MA-NH",MA
Mandatory,220108,"BETH ISRAEL DEACONESS HOSPITAL-MILTON INC",14460,"Boston-Cambridge-Newton, MA-NH",MA
Mandatory,220110,"BRIGHAM AND WOMEN'S HOSPITAL",14460,"Boston-Cambridge-Newton, MA-NH",MA
Mandatory,220111,"BOSTON MEDICAL CENTER-SOUTH",14460,"Boston-Cambridge-Newton, MA-NH",MA
Mandatory,220116,"TUFTS MEDICAL CENTER",14460,"Boston-Cambridge-Newton, MA-NH",MA
Mandatory,220119,"BRIGHAM AND WOMEN'S FAULKNER HOSPITAL",14460,"Boston-Cambridge-Newton, MA-NH",MA
Mandatory,220135,"FALMOUTH HOSPITAL",12700,"Barnstable Town, MA",MA
Voluntary,220163,"UMASS MEMORIAL MEDICAL CENTER INC",49340,"Worcester, MA",MA
Mandatory,220171,"LAHEY HOSPITAL & MEDICAL CENTER, BURLINGTON",14460,"Boston-Cambridge-Newton, MA-NH",MA
Mandatory,220175,"METROWEST MEDICAL CENTER",14460,"Boston-Cambridge-Newton, MA-NH",MA
Mandatory,230005,"PROMEDICA CHARLES AND VIRGINIA HICKMAN HOSPITAL",10300,"Adrian, MI",MI
Mandatory,240001,"NORTH MEMORIAL HEALTH - ROBBINSDALE HOSPITAL",33460,"Minneapolis-St. Paul-Bloomington, MN-WI",MN
Mandatory,240002,"ESSENTIA HEALTH ST MARY'S MEDICAL CENTER",20260,"Duluth, MN-WI",MN
Mandatory,240004,"HENNEPIN COUNTY MEDICAL CENTER",33460,"Minneapolis-St. Paul-Bloomington, MN-WI",MN
Mandatory,240014,"NORTHFIELD CITY HOSPITAL",33460,"Minneapolis-St. Paul-Bloomington, MN-WI",MN
Mandatory,240019,"ESSENTIA HEALTH DULUTH",20260,"Duluth, MN-WI",MN
Mandatory,240020,"CAMBRIDGE MEDICAL CENTER",33460,"Minneapolis-St. Paul-Bloomington, MN-WI",MN
Mandatory,240022,"SANFORD WORTHINGTON MEDICAL CENTER",49380,"Worthington, MN",MN
Mandatory,240036,"CENTRACARE - ST. CLOUD HOSPITAL",41060,"St. Cloud, MN",MN
Mandatory,240038,"UNITED HOSPITAL",33460,"Minneapolis-St. Paul-Bloomington, MN-WI",MN
Mandatory,240040,"RANGE REGIONAL HEALTH SERVICES",20260,"Duluth, MN-WI",MN
Mandatory,240047,"ASPIRUS ST LUKES HOSPITAL",20260,"Duluth, MN-WI",MN
Mandatory,240050,"M HEALTH FAIRVIEW LAKES MEDICAL CENTER",33460,"Minneapolis-St. Paul-Bloomington, MN-WI",MN
Mandatory,240053,"PARK NICOLLET METHODIST HOSPITAL",33460,"Minneapolis-St. Paul-Bloomington, MN-WI",MN
Mandatory,240056,"RIDGEVIEW MEDICAL CENTER",33460,"Minneapolis-St. Paul-Bloomington, MN-WI",MN
Mandatory,240057,"ABBOTT NORTHWESTERN HOSPITAL",33460,"Minneapolis-St. Paul-Bloomington, MN-WI",MN
Mandatory,240066,"LAKEVIEW MEMORIAL HOSPITAL",33460,"Minneapolis-St. Paul-Bloomington, MN-WI",MN
Mandatory,240071,"ALLINA HEALTH FARIBAULT MEDICAL CENTER",22060,"Faribault-Northfield, MN",MN
Mandatory,240076,"BUFFALO HOSPITAL",33460,"Minneapolis-St. Paul-Bloomington, MN-WI",MN
Mandatory,240078,"M HEALTH FAIRVIEW SOUTHDALE HOSPITAL",33460,"Minneapolis-St. Paul-Bloomington, MN-WI",MN
Mandatory,240080,"M HEALTH FAIRVIEW UNIVERSITY OF MN MEDICAL CENTER",33460,"Minneapolis-St. Paul-Bloomington, MN-WI",MN
Mandatory,240084,"ESSENTIA HEALTH VIRGINIA",20260,"Duluth, MN-WI",MN
Mandatory,240100,"SANFORD BEMIDJI MEDICAL CENTER",13420,"Bemidji, MN",MN
Mandatory,240104,"ST FRANCIS REGIONAL MEDICAL CENTER",33460,"Minneapolis-St. Paul-Bloomington, MN-WI",MN
Mandatory,240106,"REGIONS HOSPITAL",33460,"Minneapolis-St. Paul-Bloomington, MN-WI",MN
Mandatory,240115,"MERCY HOSPITAL",33460,"Minneapolis-St. Paul-Bloomington, MN-WI",MN
Mandatory,240141,"M HEALTH FAIRVIEW NORTHLAND MEDICAL CENTER",33460,"Minneapolis-St. Paul-Bloomington, MN-WI",MN
Mandatory,240207,"M HEALTH FAIRVIEW RIDGES HOSPITAL",33460,"Minneapolis-St. Paul-Bloomington, MN-WI",MN
Mandatory,240210,"M HEALTH FAIRVIEW ST JOHN'S HOSPITAL",33460,"Minneapolis-St. Paul-Bloomington, MN-WI",MN
Mandatory,240213,"M HEALTH FAIRVIEW WOODWINDS HOSPITAL",33460,"Minneapolis-St. Paul-Bloomington, MN-WI",MN
Mandatory,240214,"MAPLE GROVE HOSPITAL",33460,"Minneapolis-St. Paul-Bloomington, MN-WI",MN
Mandatory,250004,"NORTH MISSISSIPPI MEDICAL CENTER",46180,"Tupelo, MS",MS
Mandatory,250009,"MAGNOLIA REGIONAL HEALTH CENTER",18420,"Corinth, MS",MS
Mandatory,250018,"JASPER GENERAL HOSPITAL",29860,"Laurel, MS",MS
Mandatory,250044,"BAPTIST MEMORIAL HOSPITAL BOONEVILLE",46180,"Tupelo, MS",MS
Mandatory,250049,"BEACHAM MEMORIAL HOSPITAL",32620,"McComb, MS",MS
Mandatory,250058,"SOUTH CENTRAL REG MED CTR",29860,"Laurel, MS",MS
Mandatory,250097,"SOUTHWEST MS REGIONAL MEDICAL CENTER",32620,"McComb, MS",MS
Mandatory,250141,"BAPTIST MEMORIAL HOSPITAL DESOTO",32820,"Memphis, TN-MS-AR",MS
Mandatory,250167,"METHODIST HEALTHCARE - OLIVE BRANCH HOSPITAL",32820,"Memphis, TN-MS-AR",MS
Mandatory,250168,"UNIVERSITY OF MISSISSIPPI MEDICAL CENTER- GRENADA",24980,"Grenada, MS",MS
Mandatory,250172,"HIGHLAND HILLS MEDICAL CENTER",32820,"Memphis, TN-MS-AR",MS
Mandatory,250174,"ALLIANCE HEALTHCARE SYSTEM, INC",32820,"Memphis, TN-MS-AR",MS
Mandatory,260009,"BOTHWELL REGIONAL HEALTH CENTER",42740,"Sedalia, MO",MO
Mandatory,260011,"SSM HEALTH ST. MARY'S HOSPITAL - JEFFERSON CITY",27620,"Jefferson City, MO",MO
Mandatory,260068,"BOONE HOSPITAL CENTER",17860,"Columbia, MO",MO
Mandatory,260074,"MOBERLY REGIONAL MEDICAL CENTER",33620,"Moberly, MO",MO
Mandatory,260119,"POPLAR BLUFF REGIONAL MEDICAL CENTER",38740,"Poplar Bluff, MO",MO
Mandatory,260141,"UNIVERSITY OF MISSOURI HEALTH CARE",17860,"Columbia, MO",MO
Voluntary,270057,"BOZEMAN HEALTH DEACONESS REGIONAL MEDICAL CENTER",14580,"Bozeman, MT",MT
Mandatory,280023,"CHI HEALTH ST FRANCIS",24260,"Grand Island, NE",NE
Mandatory,280061,"REGIONAL WEST MEDICAL CENTER",42420,"Scottsbluff, NE",NE
Mandatory,280139,"GRAND ISLAND REGIONAL MEDICAL CENTER",24260,"Grand Island, NE",NE
Mandatory,290008,"NORTHEASTERN NEVADA REGIONAL HOSPITAL",21220,"Elko, NV",NV
Mandatory,300003,"MARY HITCHCOCK MEMORIAL HOSPITAL",30150,"Lebanon-Claremont, NH-VT",NH
Mandatory,300005,"CONCORD HOSPITAL- LACONIA",29060,"Laconia, NH",NH
Mandatory,300014,"FRISBIE MEMORIAL HOSPITAL",14460,"Boston-Cambridge-Newton, MA-NH",NH
Mandatory,300017,"PARKLAND MEDICAL CENTER",14460,"Boston-Cambridge-Newton, MA-NH",NH
Mandatory,300018,"WENTWORTH-DOUGLASS HOSPITAL",14460,"Boston-Cambridge-Newton, MA-NH",NH
Mandatory,300019,"CHESHIRE MEDICAL CENTER",28300,"Keene, NH",NH
Mandatory,300023,"EXETER HOSPITAL INC",14460,"Boston-Cambridge-Newton, MA-NH",NH
Mandatory,300029,"PORTSMOUTH REGIONAL HOSPITAL",14460,"Boston-Cambridge-Newton, MA-NH",NH
Mandatory,310001,"HACKENSACK UNIVERSITY MEDICAL CENTER",35620,"New York-Newark-Jersey City, NY-NJ",NJ
Mandatory,310002,"NEWARK BETH ISRAEL MEDICAL CENTER",35620,"New York-Newark-Jersey City, NY-NJ",NJ
Mandatory,310003,"PALISADES MEDICAL CENTER",35620,"New York-Newark-Jersey City, NY-NJ",NJ
Mandatory,310005,"HUNTERDON MEDICAL CENTER",35620,"New York-Newark-Jersey City, NY-NJ",NJ
Mandatory,310006,"ST MARY'S GENERAL HOSPITAL",35620,"New York-Newark-Jersey City, NY-NJ",NJ
Mandatory,310008,"HOLY NAME MEDICAL CENTER",35620,"New York-Newark-Jersey City, NY-NJ",NJ
Mandatory,310009,"CLARA MAASS MEDICAL CENTER",35620,"New York-Newark-Jersey City, NY-NJ",NJ
Mandatory,310010,"PENN MEDICINE PRINCETON MEDICAL CENTER",35620,"New York-Newark-Jersey City, NY-NJ",NJ
Mandatory,310012,"VALLEY HOSPITAL",35620,"New York-Newark-Jersey City, NY-NJ",NJ
Mandatory,310015,"MORRISTOWN MEDICAL CENTER",35620,"New York-Newark-Jersey City, NY-NJ",NJ
Mandatory,310016,"HEIGHTS UNIVERSITY HOSPITAL",35620,"New York-Newark-Jersey City, NY-NJ",NJ
Mandatory,310017,"CHILTON MEDICAL CENTER",35620,"New York-Newark-Jersey City, NY-NJ",NJ
Mandatory,310019,"ST JOSEPH'S UNIVERSITY MEDICAL CENTER INC",35620,"New York-Newark-Jersey City, NY-NJ",NJ
Mandatory,310024,"ROBERT WOOD JOHNSON UNIVERSITY HOSPITAL AT RAHWAY",35620,"New York-Newark-Jersey City, NY-NJ",NJ
Mandatory,310025,"BAYONNE UNIVERSITY HOSPITAL",35620,"New York-Newark-Jersey City, NY-NJ",NJ
Mandatory,310027,"TRINITAS REGIONAL MEDICAL CENTER",35620,"New York-Newark-Jersey City, NY-NJ",NJ
Mandatory,310028,"NEWTON MEDICAL CENTER",35620,"New York-Newark-Jersey City, NY-NJ",NJ
Mandatory,310034,"RIVERVIEW MEDICAL CENTER",35620,"New York-Newark-Jersey City, NY-NJ",NJ
Mandatory,310038,"ROBERT WOOD JOHNSON UNIVERSITY HOSPITAL",35620,"New York-Newark-Jersey City, NY-NJ",NJ
Mandatory,310039,"RARITAN BAY MEDICAL CENTER",35620,"New York-Newark-Jersey City, NY-NJ",NJ
Mandatory,310040,"HOBOKEN UNIVERSITY HOSPITAL",35620,"New York-Newark-Jersey City, NY-NJ",NJ
Mandatory,310041,"COMMUNITY MEDICAL CENTER",35620,"New York-Newark-Jersey City, NY-NJ",NJ
Mandatory,310045,"ENGLEWOOD HOSPITAL",35620,"New York-Newark-Jersey City, NY-NJ",NJ
Mandatory,310048,"ROBERT WOOD JOHNSON UNIVERSITY HOSPITAL SOMERSET",35620,"New York-Newark-Jersey City, NY-NJ",NJ
Mandatory,310050,"SAINT CLARE'S HOSPITAL",35620,"New York-Newark-Jersey City, NY-NJ",NJ
Mandatory,310051,"OVERLOOK MEDICAL CENTER",35620,"New York-Newark-Jersey City, NY-NJ",NJ
Mandatory,310052,"OCEAN UNIVERSITY MEDICAL CENTER",35620,"New York-Newark-Jersey City, NY-NJ",NJ
Mandatory,310054,"HACKENSACK MERIDIAN MOUNTAINSIDE MEDICAL",35620,"New York-Newark-Jersey City, NY-NJ",NJ
Mandatory,310058,"BERGEN NEW BRIDGE MEDICAL CENTER",35620,"New York-Newark-Jersey City, NY-NJ",NJ
Mandatory,310070,"SAINT PETER'S UNIVERSITY HOSPITAL",35620,"New York-Newark-Jersey City, NY-NJ",NJ
Mandatory,310073,"JERSEY SHORE UNIVERSITY MEDICAL CENTER",35620,"New York-Newark-Jersey City, NY-NJ",NJ
Mandatory,310074,"JERSEY CITY MEDICAL CENTER",35620,"New York-Newark-Jersey City, NY-NJ",NJ
Mandatory,310075,"MONMOUTH MEDICAL CENTER",35620,"New York-Newark-Jersey City, NY-NJ",NJ
Mandatory,310076,"COOPERMAN BARNABAS MEDICAL CENTER",35620,"New York-Newark-Jersey City, NY-NJ",NJ
Mandatory,310083,"CAREWELL HEALTH MEDICAL CENTER",35620,"New York-Newark-Jersey City, NY-NJ",NJ
Mandatory,310084,"MONMOUTH MEDICAL CENTER-SOUTHERN CAMPUS",35620,"New York-Newark-Jersey City, NY-NJ",NJ
Mandatory,310096,"SAINT MICHAEL'S MEDICAL CENTER",35620,"New York-Newark-Jersey City, NY-NJ",NJ
Mandatory,310108,"JFK UNIVERSITY MEDICAL CENTER",35620,"New York-Newark-Jersey City, NY-NJ",NJ
Mandatory,310111,"CENTRASTATE MEDICAL CENTER",35620,"New York-Newark-Jersey City, NY-NJ",NJ
Mandatory,310112,"BAYSHORE MEDICAL CENTER",35620,"New York-Newark-Jersey City, NY-NJ",NJ
Mandatory,310113,"SOUTHERN OCEAN MEDICAL CENTER",35620,"New York-Newark-Jersey City, NY-NJ",NJ
Mandatory,310118,"SECAUCUS UNIVERSITY HOSPITAL",35620,"New York-Newark-Jersey City, NY-NJ",NJ
Mandatory,310119,"UNIVERSITY HOSPITAL",35620,"New York-Newark-Jersey City, NY-NJ",NJ
Mandatory,310130,"HACKENSACK MERIDIAN HEALTH PASCACK VALLEY MEDICAL",35620,"New York-Newark-Jersey City, NY-NJ",NJ
Mandatory,320001,"UNM HOSPITAL",10740,"Albuquerque, NM",NM
Mandatory,320002,"CHRISTUS ST VINCENT REGIONAL MEDICAL CENTER",42140,"Santa Fe, NM",NM
Mandatory,320005,"SAN JUAN REGIONAL MEDICAL CENTER INC",22140,"Farmington, NM",NM
Mandatory,320009,"LOVELACE MEDICAL CENTER",10740,"Albuquerque, NM",NM
Mandatory,320017,"LOVELACE WOMEN'S HOSPITAL",10740,"Albuquerque, NM",NM
Mandatory,320021,"PRESBYTERIAN HOSPITAL",10740,"Albuquerque, NM",NM
Mandatory,320022,"PLAINS REGIONAL MEDICAL CENTER",17580,"Clovis, NM",NM
Mandatory,320074,"LOVELACE WESTSIDE HOSPITAL",10740,"Albuquerque, NM",NM
Mandatory,320090,"PRESBYTERIAN SANTA FE MEDICAL CENTER",42140,"Santa Fe, NM",NM
Mandatory,330005,"KALEIDA HEALTH",15380,"Buffalo-Cheektowaga, NY",NY
Mandatory,330006,"ST JOSEPH'S MEDICAL CENTER",35620,"New York-Newark-Jersey City, NY-NJ",NY
Mandatory,330009,"BRONXCARE HOSPITAL CENTER",35620,"New York-Newark-Jersey City, NY-NJ",NY
Mandatory,330014,"JAMAICA HOSPITAL MEDICAL CENTER",35620,"New York-Newark-Jersey City, NY-NJ",NY
Mandatory,330019,"NEW YORK COMMUNITY HOSPITAL OF BROOKLYN, INC.",35620,"New York-Newark-Jersey City, NY-NJ",NY
Mandatory,330024,"MOUNT SINAI HOSPITAL",35620,"New York-Newark-Jersey City, NY-NJ",NY
Mandatory,330027,"NASSAU UNIVERSITY MEDICAL CENTER",35620,"New York-Newark-Jersey City, NY-NJ",NY
Mandatory,330028,"RICHMOND UNIVERSITY MEDICAL CENTER",35620,"New York-Newark-Jersey City, NY-NJ",NY
Mandatory,330043,"SOUTH SHORE UNIVERSITY  HOSPITAL",35620,"New York-Newark-Jersey City, NY-NJ",NY
Mandatory,330045,"HUNTINGTON HOSPITAL",35620,"New York-Newark-Jersey City, NY-NJ",NY
Mandatory,330046,"MOUNT SINAI WEST",35620,"New York-Newark-Jersey City, NY-NJ",NY
Mandatory,330055,"NEW YORK-PRESBYTERIAN/QUEENS",35620,"New York-Newark-Jersey City, NY-NJ",NY
Mandatory,330056,"BROOKLYN HOSPITAL CENTER - DOWNTOWN CAMPUS",35620,"New York-Newark-Jersey City, NY-NJ",NY
Mandatory,330059,"MONTEFIORE MEDICAL CENTER",35620,"New York-Newark-Jersey City, NY-NJ",NY
Mandatory,330065,"NIAGARA FALLS MEMORIAL MEDICAL CENTER",15380,"Buffalo-Cheektowaga, NY",NY
Mandatory,330073,"UNITED MEMORIAL MEDICAL CENTER",12860,"Batavia, NY",NY
Mandatory,330078,"SISTERS OF CHARITY HOSPITAL",15380,"Buffalo-Cheektowaga, NY",NY
Mandatory,330080,"LINCOLN MEDICAL & MENTAL HEALTH CENTER",35620,"New York-Newark-Jersey City, NY-NJ",NY
Mandatory,330085,"AURELIA OSBORN FOX MEMORIAL HOSPITAL",36580,"Oneonta, NY",NY
Mandatory,330086,"MONTEFIORE MOUNT VERNON HOSPITAL",35620,"New York-Newark-Jersey City, NY-NJ",NY
Mandatory,330100,"N Y EYE AND EAR INFIRMARY",35620,"New York-Newark-Jersey City, NY-NJ",NY
Mandatory,330101,"NEW YORK-PRESBYTERIAN HOSPITAL",35620,"New York-Newark-Jersey City, NY-NJ",NY
Mandatory,330102,"KENMORE MERCY HOSPITAL",15380,"Buffalo-Cheektowaga, NY",NY
Mandatory,330104,"NYACK HOSPITAL",35620,"New York-Newark-Jersey City, NY-NJ",NY
Mandatory,330106,"NORTH SHORE UNIVERSITY HOSPITAL",35620,"New York-Newark-Jersey City, NY-NJ",NY
Mandatory,330107,"PECONIC BAY MEDICAL CENTER",35620,"New York-Newark-Jersey City, NY-NJ",NY
Mandatory,330111,"BERTRAND CHAFFEE HOSPITAL",15380,"Buffalo-Cheektowaga, NY",NY
Mandatory,330119,"LENOX HILL HOSPITAL",35620,"New York-Newark-Jersey City, NY-NJ",NY
Mandatory,330127,"JACOBI MEDICAL CENTER",35620,"New York-Newark-Jersey City, NY-NJ",NY
Mandatory,330128,"ELMHURST HOSPITAL CENTER",35620,"New York-Newark-Jersey City, NY-NJ",NY
Mandatory,330136,"MARY IMOGENE BASSETT HOSPITAL",36580,"Oneonta, NY",NY
Mandatory,330141,"LONG ISLAND COMMUNITY HOSPITAL",35620,"New York-Newark-Jersey City, NY-NJ",NY
Mandatory,330158,"GOOD SAMARITAN HOSPITAL OF SUFFERN",35620,"New York-Newark-Jersey City, NY-NJ",NY
Mandatory,330160,"STATEN ISLAND UNIVERSITY HOSPITAL",35620,"New York-Newark-Jersey City, NY-NJ",NY
Mandatory,330162,"NORTHERN WESTCHESTER HOSPITAL",35620,"New York-Newark-Jersey City, NY-NJ",NY
Mandatory,330169,"MOUNT SINAI BETH ISRAEL",35620,"New York-Newark-Jersey City, NY-NJ",NY
Mandatory,330175,"GUTHRIE CORTLAND REGIONAL MEDICAL CENTER",18660,"Cortland, NY",NY
Mandatory,330181,"GLEN COVE HOSPITAL",35620,"New York-Newark-Jersey City, NY-NJ",NY
Mandatory,330182,"ST FRANCIS HOSPITAL, ROSLYN",35620,"New York-Newark-Jersey City, NY-NJ",NY
Mandatory,330184,"MONTEFIORE NEW ROCHELLE HOSPITAL",35620,"New York-Newark-Jersey City, NY-NJ",NY
Mandatory,330185,"JOHN T MATHER MEMORIAL HOSPITAL  OF PORT JEFFERSON",35620,"New York-Newark-Jersey City, NY-NJ",NY
Mandatory,330188,"MOUNT ST MARY'S HOSPITAL AND HEALTH CENTER",15380,"Buffalo-Cheektowaga, NY",NY
Mandatory,330193,"FLUSHING HOSPITAL MEDICAL CENTER",35620,"New York-Newark-Jersey City, NY-NJ",NY
Mandatory,330194,"MAIMONIDES MEDICAL CENTER",35620,"New York-Newark-Jersey City, NY-NJ",NY
Mandatory,330195,"LONG ISLAND JEWISH MEDICAL CENTER",35620,"New York-Newark-Jersey City, NY-NJ",NY
Mandatory,330196,"SOUTH BROOKLYN HEALTH",35620,"New York-Newark-Jersey City, NY-NJ",NY
Mandatory,330197,"CANTON-POTSDAM HOSPITAL",32390,"Massena-Ogdensburg, NY",NY
Mandatory,330198,"MOUNT SINAI SOUTH NASSAU",35620,"New York-Newark-Jersey City, NY-NJ",NY
Mandatory,330199,"METROPOLITAN HOSPITAL CENTER",35620,"New York-Newark-Jersey City, NY-NJ",NY
Mandatory,330202,"KINGS COUNTY HOSPITAL CENTER",35620,"New York-Newark-Jersey City, NY-NJ",NY
Mandatory,330204,"BELLEVUE HOSPITAL CENTER",35620,"New York-Newark-Jersey City, NY-NJ",NY
Mandatory,330208,"ST JOHN'S RIVERSIDE HOSPITAL",35620,"New York-Newark-Jersey City, NY-NJ",NY
Mandatory,330214,"NYU LANGONE HOSPITALS",35620,"New York-Newark-Jersey City, NY-NJ",NY
Mandatory,330219,"ERIE COUNTY MEDICAL CENTER",15380,"Buffalo-Cheektowaga, NY",NY
Mandatory,330221,"WYCKOFF HEIGHTS MEDICAL CENTER",35620,"New York-Newark-Jersey City, NY-NJ",NY
Mandatory,330231,"QUEENS HOSPITAL CENTER",35620,"New York-Newark-Jersey City, NY-NJ",NY
Mandatory,330233,"BROOKDALE HOSPITAL MEDICAL CENTER",35620,"New York-Newark-Jersey City, NY-NJ",NY
Mandatory,330234,"WESTCHESTER MEDICAL CENTER",35620,"New York-Newark-Jersey City, NY-NJ",NY
Mandatory,330240,"HARLEM HOSPITAL CENTER",35620,"New York-Newark-Jersey City, NY-NJ",NY
Mandatory,330246,"ST CHARLES HOSPITAL",35620,"New York-Newark-Jersey City, NY-NJ",NY
Mandatory,330259,"MERCY MEDICAL CENTER",35620,"New York-Newark-Jersey City, NY-NJ",NY
Mandatory,330261,"PHELPS HOSPITAL",35620,"New York-Newark-Jersey City, NY-NJ",NY
Mandatory,330267,"HUDSON VALLEY HOSPITAL CENTER",35620,"New York-Newark-Jersey City, NY-NJ",NY
Mandatory,330270,"HOSPITAL FOR SPECIAL SURGERY",35620,"New York-Newark-Jersey City, NY-NJ",NY
Mandatory,330273,"PUTNAM HOSPITAL CENTER",35620,"New York-Newark-Jersey City, NY-NJ",NY
Mandatory,330279,"MERCY HOSPITAL OF BUFFALO",15380,"Buffalo-Cheektowaga, NY",NY
Mandatory,330286,"GOOD SAMARITAN HOSPITAL MEDICAL CENTER",35620,"New York-Newark-Jersey City, NY-NJ",NY
Mandatory,330304,"WHITE PLAINS HOSPITAL CENTER",35620,"New York-Newark-Jersey City, NY-NJ",NY
Mandatory,330331,"PLAINVIEW HOSPITAL",35620,"New York-Newark-Jersey City, NY-NJ",NY
Mandatory,330332,"ST JOSEPH HOSPITAL",35620,"New York-Newark-Jersey City, NY-NJ",NY
Mandatory,330350,"SUNY HEALTH SCIENCE CENTER AT BROOKLYN UNIVERSITY",35620,"New York-Newark-Jersey City, NY-NJ",NY
Mandatory,330393,"STONY BROOK UNIVERSITY HOSPITAL",35620,"New York-Newark-Jersey City, NY-NJ",NY
Mandatory,330395,"ST JOHN'S EPISCOPAL HOSPITAL AT SOUTH SHORE",35620,"New York-Newark-Jersey City, NY-NJ",NY
Mandatory,330396,"WOODHULL MEDICAL & MENTAL HEALTH CENTER",35620,"New York-Newark-Jersey City, NY-NJ",NY
Mandatory,330399,"ST BARNABAS HOSPITAL",35620,"New York-Newark-Jersey City, NY-NJ",NY
Mandatory,330401,"ST CATHERINE OF SIENA HOSPITAL",35620,"New York-Newark-Jersey City, NY-NJ",NY
Mandatory,330405,"HELEN HAYES HOSPITAL",35620,"New York-Newark-Jersey City, NY-NJ",NY
Mandatory,330410,"TERENCE CARDINAL COOKE HEALTH CARE CENTER",35620,"New York-Newark-Jersey City, NY-NJ",NY
Mandatory,340004,"HIGH POINT REGIONAL HOSPITAL",24660,"Greensboro-High Point, NC",NC
Mandatory,340010,"UNC HEALTH WAYNE",24140,"Goldsboro, NC",NC
Mandatory,340013,"RUTHERFORD REGIONAL MEDICAL CENTER",22580,"Forest City, NC",NC
Mandatory,340020,"CENTRAL CAROLINA HOSPITAL",41820,"Sanford, NC",NC
Mandatory,340027,"UNC LENOIR HEALTH CARE",28820,"Kinston, NC",NC
Mandatory,340060,"UNC ROCKINGHAM",24660,"Greensboro-High Point, NC",NC
Mandatory,340069,"WAKEMED",39580,"Raleigh-Cary, NC",NC
Mandatory,340071,"BETSY JOHNSON REGIONAL  HOSPITAL",11360,"Anderson Creek, NC",NC
Mandatory,340087,"MISSION HOSPITAL MCDOWELL",32000,"Marion, NC",NC
Mandatory,340090,"JOHNSTON HEALTH",39580,"Raleigh-Cary, NC",NC
Mandatory,340091,"CONE HEALTH",24660,"Greensboro-High Point, NC",NC
Mandatory,340114,"REX HOSPITAL",39580,"Raleigh-Cary, NC",NC
Mandatory,340123,"RANDOLPH HOSPITAL",24660,"Greensboro-High Point, NC",NC
Mandatory,340131,"CAROLINA EAST MEDICAL CENTER",35100,"New Bern, NC",NC
Mandatory,340173,"WAKEMED",39580,"Raleigh-Cary, NC",NC
Mandatory,340184,"HAYWOOD REGIONAL MEDICAL CENTER",48200,"Waynesville, NC",NC
Mandatory,360058,"MERCER COUNTY JOINT TOWNSHIP COMMUNITY HOSPITAL",16380,"Celina, OH",OH
Mandatory,360065,"FISHER-TITUS HOSPITAL",35940,"Norwalk, OH",OH
Mandatory,360086,"MERCY HEALTH - SPRINGFIELD REGIONAL MEDICAL CENTER",44220,"Springfield, OH",OH
Mandatory,360089,"MERCY HEALTH - TIFFIN HOSPITAL",45660,"Tiffin, OH",OH
Mandatory,360095,"BLANCHARD VALLEY HOSPITAL",22300,"Findlay, OH",OH
Mandatory,360109,"COSHOCTON REGIONAL MEDICAL CENTER",18740,"Coshocton, OH",OH
Mandatory,360211,"TRINITY MEDICAL CTR EAST &TRINITY MEDICAL CTR WEST",48260,"Weirton-Steubenville, WV-OH",OH
Mandatory,360270,"MERCY HEALTH - DEFIANCE HOSPITAL",19580,"Defiance, OH",OH
Mandatory,360355,"OHIO VALLEY SURGICAL HOSPITAL",44220,"Springfield, OH",OH
Mandatory,370001,"HILLCREST MEDICAL CENTER",46140,"Tulsa, OK",OK
Mandatory,370014,"ALLIANCEHEALTH DURANT",20460,"Durant, OK",OK
Mandatory,370022,"JACKSON COUNTY MEMORIAL HOSPITAL AUTHORITY",11060,"Altus, OK",OK
Mandatory,370025,"SAINT FRANCIS HOSPITAL MUSKOGEE",34780,"Muskogee, OK",OK
Mandatory,370039,"HILLCREST HOSPITAL CLAREMORE",46140,"Tulsa, OK",OK
Mandatory,370078,"OKLAHOMA STATE UNIVERSITY MEDICAL CENTER",46140,"Tulsa, OK",OK
Mandatory,370091,"SAINT FRANCIS HOSPITAL, INC",46140,"Tulsa, OK",OK
Mandatory,370114,"ASCENSION ST JOHN MEDICAL CENTER",46140,"Tulsa, OK",OK
Mandatory,370166,"WAGONER COMMUNITY HOSPITAL",46140,"Tulsa, OK",OK
Mandatory,370183,"HILLCREST HOSPITAL HENRYETTA",46140,"Tulsa, OK",OK
Mandatory,370202,"HILLCREST HOSPITAL SOUTH",46140,"Tulsa, OK",OK
Mandatory,370210,"OKLAHOMA SURGICAL HOSPITAL, LLC",46140,"Tulsa, OK",OK
Mandatory,370216,"TULSA SPINE & SPECIALTY HOSPITAL",46140,"Tulsa, OK",OK
Mandatory,370218,"SAINT FRANCIS HOSPITAL SOUTH, LLC",46140,"Tulsa, OK",OK
Mandatory,370227,"ASCENSION ST JOHN OWASSO",46140,"Tulsa, OK",OK
Mandatory,370228,"BAILEY MEDICAL CENTER, LLC",46140,"Tulsa, OK",OK
Mandatory,370235,"ASCENSION ST JOHN BROKEN ARROW",46140,"Tulsa, OK",OK
Mandatory,370246,"CARRUS LAKESIDE HOSPITAL",46140,"Tulsa, OK",OK
Mandatory,380004,"PROVIDENCE ST VINCENT MEDICAL CENTER",38900,"Portland-Vancouver-Hillsboro, OR-WA",OR
Mandatory,380007,"LEGACY EMANUEL MEDICAL CENTER",38900,"Portland-Vancouver-Hillsboro, OR-WA",OR
Mandatory,380009,"OHSU HOSPITAL AND CLINICS",38900,"Portland-Vancouver-Hillsboro, OR-WA",OR
Mandatory,380017,"LEGACY GOOD SAMARITAN MEDICAL CENTER",38900,"Portland-Vancouver-Hillsboro, OR-WA",OR
Mandatory,380021,"HILLSBORO MEDICAL CENTER",38900,"Portland-Vancouver-Hillsboro, OR-WA",OR
Mandatory,380025,"LEGACY MOUNT HOOD MEDICAL CENTER",38900,"Portland-Vancouver-Hillsboro, OR-WA",OR
Mandatory,380037,"PROVIDENCE NEWBERG MEDICAL CENTER",38900,"Portland-Vancouver-Hillsboro, OR-WA",OR
Mandatory,380038,"PROVIDENCE WILLAMETTE FALLS MEDICAL CENTER",38900,"Portland-Vancouver-Hillsboro, OR-WA",OR
Mandatory,380047,"ST CHARLES BEND CAMPUS",13460,"Bend, OR",OR
Mandatory,380050,"SKY LAKES MEDICAL CENTER",28900,"Klamath Falls, OR",OR
Mandatory,380060,"ADVENTIST HEALTH PORTLAND",38900,"Portland-Vancouver-Hillsboro, OR-WA",OR
Mandatory,380061,"PROVIDENCE PORTLAND MEDICAL CENTER",38900,"Portland-Vancouver-Hillsboro, OR-WA",OR
Mandatory,380071,"WILLAMETTE VALLEY MEDICAL CENTER",38900,"Portland-Vancouver-Hillsboro, OR-WA",OR
Mandatory,380082,"PROVIDENCE MILWAUKIE HOSPITAL",38900,"Portland-Vancouver-Hillsboro, OR-WA",OR
Mandatory,380089,"LEGACY MERIDIAN PARK MEDICAL CENTER",38900,"Portland-Vancouver-Hillsboro, OR-WA",OR
Mandatory,380091,"KAISER SUNNYSIDE MEDICAL CENTER",38900,"Portland-Vancouver-Hillsboro, OR-WA",OR
Mandatory,380103,"KAISER FOUNDATION HOSPITAL WESTSIDE",38900,"Portland-Vancouver-Hillsboro, OR-WA",OR
Mandatory,390004,"PENN STATE HEALTH HOLY SPIRIT MEDICAL CENTER",25420,"Harrisburg-Carlisle, PA",PA
Mandatory,390006,"GEISINGER MEDICAL CENTER",44980,"Sunbury, PA",PA
Mandatory,390009,"SAINT VINCENT HOSPITAL",21500,"Erie, PA",PA
Mandatory,390030,"LEHIGH VALLEY HOSPITAL-SCHUYLKILL",39060,"Pottsville, PA",PA
Voluntary,390041,"UNIONTOWN HOSPITAL",38300,"Pittsburgh, PA",PA
Mandatory,390044,"READING HOSPITAL",39740,"Reading, PA",PA
Mandatory,390048,"GEISINGER-LEWISTOWN HOSPITAL",30380,"Lewistown, PA",PA
Mandatory,390058,"UPMC CARLISLE",25420,"Harrisburg-Carlisle, PA",PA
Mandatory,390063,"UPMC HAMOT",21500,"Erie, PA",PA
Mandatory,390067,"UPMC PINNACLE HOSPITALS",25420,"Harrisburg-Carlisle, PA",PA
Mandatory,390086,"PENN HIGHLANDS DUBOIS",20180,"DuBois, PA",PA
Mandatory,390091,"UPMC NORTHWEST",36340,"Oil City, PA",PA
Mandatory,390096,"PENN STATE HEALTH ST. JOSEPH",39740,"Reading, PA",PA
Mandatory,390113,"MEADVILLE MEDICAL CENTER",32740,"Meadville, PA",PA
Mandatory,390146,"WARREN GENERAL HOSPITAL",47620,"Warren, PA",PA
Mandatory,390173,"INDIANA REGIONAL MEDICAL CENTER",26860,"Indiana, PA",PA
Mandatory,390178,"UPMC HORIZON",25850,"Hermitage, PA",PA
Mandatory,390183,"ST LUKE'S MINERS MEMORIAL HOSPITAL",39060,"Pottsville, PA",PA
Mandatory,390198,"LECOM MEDICAL CENTER AND BEHAVIORAL HEALTH PAV",21500,"Erie, PA",PA
Mandatory,390211,"SHARON REGIONAL MEDICAL CENTER",25850,"Hermitage, PA",PA
Mandatory,390256,"MILTON S HERSHEY MEDICAL CENTER",25420,"Harrisburg-Carlisle, PA",PA
Mandatory,390266,"GROVE CITY HOSPITAL",25850,"Hermitage, PA",PA
Mandatory,390307,"EDGEWOOD SURGICAL HOSPITAL",25850,"Hermitage, PA",PA
Mandatory,390316,"SURGICAL INSTITUTE OF READING",39740,"Reading, PA",PA
Mandatory,390332,"GEISINGER ST. LUKE'S  HOSPITAL",39060,"Pottsville, PA",PA
Mandatory,390336,"PENN STATE HEALTH HAMPDEN MEDICAL CENTER",25420,"Harrisburg-Carlisle, PA",PA
Mandatory,400079,"HOSPITAL  COMUNITARIO BUEN SAMARITANO INC",10380,"Aguadilla, PR",PR
Mandatory,400111,"HOSPITAL SAN CARLOS BORROMEO",10380,"Aguadilla, PR",PR
Mandatory,410004,"ROGER WILLIAMS MEDICAL CENTER",39300,"Providence-Warwick, RI-MA",RI
Mandatory,410005,"OUR LADY OF FATIMA HOSPITAL",39300,"Providence-Warwick, RI-MA",RI
Mandatory,410006,"NEWPORT HOSPITAL",39300,"Providence-Warwick, RI-MA",RI
Mandatory,410007,"RHODE ISLAND HOSPITAL",39300,"Providence-Warwick, RI-MA",RI
Mandatory,410008,"SOUTH COUNTY HOSPITAL INC",39300,"Providence-Warwick, RI-MA",RI
Mandatory,410009,"KENT COUNTY MEMORIAL HOSPITAL",39300,"Providence-Warwick, RI-MA",RI
Mandatory,410010,"WOMEN & INFANTS HOSPITAL OF RHODE ISLAND",39300,"Providence-Warwick, RI-MA",RI
Mandatory,410011,"LANDMARK MEDICAL CENTER",39300,"Providence-Warwick, RI-MA",RI
Mandatory,410012,"THE MIRIAM HOSPITAL",39300,"Providence-Warwick, RI-MA",RI
Mandatory,410013,"WESTERLY HOSPITAL",39300,"Providence-Warwick, RI-MA",RI
Mandatory,420010,"CAROLINA PINES REGIONAL MEDICAL CENTER",22500,"Florence, SC",SC
Mandatory,420011,"CANNON MEMORIAL HOSPITAL",24860,"Greenville-Anderson-Greer, SC",SC
Mandatory,420015,"PRISMA HEALTH BAPTIST EASLEY HOSPITAL",24860,"Greenville-Anderson-Greer, SC",SC
Mandatory,420023,"ST FRANCIS-DOWNTOWN",24860,"Greenville-Anderson-Greer, SC",SC
Mandatory,420027,"ANMED HEALTH",24860,"Greenville-Anderson-Greer, SC",SC
Mandatory,420037,"PRISMA HEALTH HILLCREST HOSPITAL",24860,"Greenville-Anderson-Greer, SC",SC
Mandatory,420038,"PRISMA HEALTH LAURENS COUNTY HOSPITAL",24860,"Greenville-Anderson-Greer, SC",SC
Mandatory,420051,"MCLEOD REGIONAL MEDICAL CENTER-PEE DEE",22500,"Florence, SC",SC
Voluntary,420071,"SELF REGIONAL HEALTHCARE",24940,"Greenwood, SC",SC
Mandatory,420078,"PRISMA HEALTH GREENVILLE MEMORIAL HOSPITAL",24860,"Greenville-Anderson-Greer, SC",SC
Mandatory,420091,"MUSC HEALTH FLORENCE MEDICAL CENTER",22500,"Florence, SC",SC
Mandatory,420102,"PRISMA HEALTH  PATEWOOD HOSPITAL",24860,"Greenville-Anderson-Greer, SC",SC
Mandatory,430048,"MONUMENT HEALTH SPEARFISH HOSPITAL",43940,"Spearfish, SD",SD
Mandatory,440003,"HIGHPOINT HEALTH-SUMNER WITH ASCENSION SAINT THOMA",34980,"Nashville-Davidson--Murfreesboro--Franklin, TN",TN
Mandatory,440006,"TRISTAR SKYLINE MEDICAL CENTER",34980,"Nashville-Davidson--Murfreesboro--Franklin, TN",TN
Mandatory,440012,"BRISTOL REGIONAL MEDICAL CENTER",28700,"Kingsport-Bristol, TN-VA",TN
Mandatory,440017,"HOLSTON VALLEY MEDICAL CENTER",28700,"Kingsport-Bristol, TN-VA",TN
Mandatory,440029,"WILLIAMSON MEDICAL CENTER",34980,"Nashville-Davidson--Murfreesboro--Franklin, TN",TN
Mandatory,440032,"HAWKINS COUNTY MEMORIAL HOSPITAL",28700,"Kingsport-Bristol, TN-VA",TN
Mandatory,440039,"VANDERBILT UNIVERSITY MEDICAL CENTER",34980,"Nashville-Davidson--Murfreesboro--Franklin, TN",TN
Mandatory,440046,"TRISTAR HORIZON MEDICAL CENTER",34980,"Nashville-Davidson--Murfreesboro--Franklin, TN",TN
Mandatory,440048,"BAPTIST MEMORIAL HOSPITAL",32820,"Memphis, TN-MS-AR",TN
Mandatory,440049,"METHODIST HOSPITALS OF MEMPHIS",32820,"Memphis, TN-MS-AR",TN
Mandatory,440053,"ASCENSION SAINT THOMAS RUTHERFORD HOSPITAL",34980,"Nashville-Davidson--Murfreesboro--Franklin, TN",TN
Mandatory,440065,"TRISTAR NORTHCREST MEDICAL CENTER",34980,"Nashville-Davidson--Murfreesboro--Franklin, TN",TN
Mandatory,440073,"MAURY REGIONAL HOSPITAL",34980,"Nashville-Davidson--Murfreesboro--Franklin, TN",TN
Mandatory,440082,"ASCENSION SAINT THOMAS HOSPITAL",34980,"Nashville-Davidson--Murfreesboro--Franklin, TN",TN
Mandatory,440111,"METRO NASHVILLE GENERAL HOSPITAL",34980,"Nashville-Davidson--Murfreesboro--Franklin, TN",TN
Mandatory,440130,"BAPTIST MEMORIAL HOSPITAL UNION CITY",46460,"Union City, TN",TN
Mandatory,440131,"BAPTIST MEMORIAL HOSPITAL TIPTON",32820,"Memphis, TN-MS-AR",TN
Mandatory,440150,"TRISTAR SUMMIT MEDICAL CENTER",34980,"Nashville-Davidson--Murfreesboro--Franklin, TN",TN
Mandatory,440152,"REGIONAL ONE HEALTH",32820,"Memphis, TN-MS-AR",TN
Mandatory,440161,"TRISTAR CENTENNIAL MEDICAL CENTER",34980,"Nashville-Davidson--Murfreesboro--Franklin, TN",TN
Mandatory,440176,"INDIAN PATH COMMUNITY HOSPITAL",28700,"Kingsport-Bristol, TN-VA",TN
Mandatory,440183,"ST FRANCIS HOSPITAL",32820,"Memphis, TN-MS-AR",TN
Mandatory,440193,"VANDERBILT WILSON COUNTY HOSPITAL",34980,"Nashville-Davidson--Murfreesboro--Franklin, TN",TN
Mandatory,440194,"TRISTAR HENDERSONVILLE MEDICAL CENTER",34980,"Nashville-Davidson--Murfreesboro--Franklin, TN",TN
Mandatory,440197,"TRISTAR SOUTHERN HILLS MEDICAL CENTER",34980,"Nashville-Davidson--Murfreesboro--Franklin, TN",TN
Mandatory,440200,"ASCENSION SAINT THOMAS STONES RIVER HOSPITAL",34980,"Nashville-Davidson--Murfreesboro--Franklin, TN",TN
Mandatory,440218,"SAINT THOMAS HOSPITAL FOR SPECIALTY SURGERY",34980,"Nashville-Davidson--Murfreesboro--Franklin, TN",TN
Mandatory,440227,"TRISTAR STONECREST MEDICAL CENTER",34980,"Nashville-Davidson--Murfreesboro--Franklin, TN",TN
Mandatory,440228,"SAINT FRANCIS BARTLETT MEDICAL CENTER",32820,"Memphis, TN-MS-AR",TN
Mandatory,440231,"TRUSTPOINT HOSPITAL",34980,"Nashville-Davidson--Murfreesboro--Franklin, TN",TN
Mandatory,450010,"UNITED REGIONAL HEALTH CARE SYSTEM",48660,"Wichita Falls, TX",TX
Mandatory,450080,"TITUS REGIONAL MEDICAL CENTER",34420,"Mount Pleasant, TX",TX
Mandatory,450133,"MIDLAND MEMORIAL HOSPITAL",33260,"Midland, TX",TX
Mandatory,450196,"PARIS REGIONAL HEALTH",37580,"Paris, TX",TX
Mandatory,450209,"NORTHWEST TEXAS HOSPITAL",11100,"Amarillo, TX",TX
Mandatory,450231,"BSA HOSPITAL",11100,"Amarillo, TX",TX
Mandatory,450347,"HUNTSVILLE MEMORIAL HOSPITAL",26660,"Huntsville, TX",TX
Mandatory,450389,"UT HEALTH EAST TEXAS ATHENS HOSPITAL",11980,"Athens, TX",TX
Mandatory,450565,"PALO PINTO GENERAL HOSPITAL",33420,"Mineral Wells, TX",TX
Mandatory,450604,"HILL COUNTRY MEMORIAL HOSPITAL",23240,"Fredericksburg, TX",TX
Mandatory,450875,"QUAIL CREEK SURGICAL HOSPITAL",11100,"Amarillo, TX",TX
Mandatory,460011,"CASTLEVIEW HOSPITAL",39220,"Price, UT",UT
Mandatory,460021,"INTERMOUNTAIN HEALTH ST GEORGE REGIONAL HOSPITAL",41100,"St. George, UT",UT
Mandatory,460030,"ASHLEY REGIONAL MEDICAL CENTER",46860,"Vernal, UT",UT
Mandatory,490019,"UVA HEALTH CULPEPER MEDICAL CENTER",47900,"Washington-Arlington-Alexandria, DC-VA-MD-WV",VA
Mandatory,490022,"MARY WASHINGTON HOSPITAL, INC",47900,"Washington-Arlington-Alexandria, DC-VA-MD-WV",VA
Mandatory,490023,"FAUQUIER HOSPITAL",47900,"Washington-Arlington-Alexandria, DC-VA-MD-WV",VA
Mandatory,490033,"WARREN MEMORIAL HOSPITAL",47900,"Washington-Arlington-Alexandria, DC-VA-MD-WV",VA
Mandatory,490040,"INOVA ALEXANDRIA HOSPITAL",47900,"Washington-Arlington-Alexandria, DC-VA-MD-WV",VA
Mandatory,490043,"INOVA LOUDOUN HOSPITAL",47900,"Washington-Arlington-Alexandria, DC-VA-MD-WV",VA
Mandatory,490045,"UVA HEALTH PRINCE WILLIAM MEDICAL CENTER",47900,"Washington-Arlington-Alexandria, DC-VA-MD-WV",VA
Mandatory,490050,"VIRGINIA HOSPITAL CENTER",47900,"Washington-Arlington-Alexandria, DC-VA-MD-WV",VA
Mandatory,490053,"JOHNSTON MEMORIAL HOSPITAL",28700,"Kingsport-Bristol, TN-VA",VA
Mandatory,490063,"INOVA FAIRFAX HOSPITAL",47900,"Washington-Arlington-Alexandria, DC-VA-MD-WV",VA
Mandatory,490101,"INOVA FAIR OAKS HOSPITAL",47900,"Washington-Arlington-Alexandria, DC-VA-MD-WV",VA
Mandatory,490107,"RESTON HOSPITAL CENTER",47900,"Washington-Arlington-Alexandria, DC-VA-MD-WV",VA
Mandatory,490113,"SENTARA NORTHERN VIRGINIA MEDICAL CENTER",47900,"Washington-Arlington-Alexandria, DC-VA-MD-WV",VA
Mandatory,490122,"INOVA MOUNT VERNON HOSPITAL",47900,"Washington-Arlington-Alexandria, DC-VA-MD-WV",VA
Mandatory,490140,"STAFFORD HOSPITAL, LLC",47900,"Washington-Arlington-Alexandria, DC-VA-MD-WV",VA
Mandatory,490141,"SPOTSYLVANIA REGIONAL MEDICAL CENTER",47900,"Washington-Arlington-Alexandria, DC-VA-MD-WV",VA
Mandatory,490144,"UVA HEALTH HAYMARKET MEDICAL CENTER",47900,"Washington-Arlington-Alexandria, DC-VA-MD-WV",VA
Mandatory,490145,"STONESPRINGS HOSPITAL CENTER",47900,"Washington-Arlington-Alexandria, DC-VA-MD-WV",VA
Mandatory,500050,"PEACEHEALTH SOUTHWEST MEDICAL CENTE",38900,"Portland-Vancouver-Hillsboro, OR-WA",WA
Mandatory,500053,"TRIOS",28420,"Kennewick-Richland, WA",WA
Mandatory,500058,"KADLEC REGIONAL MEDICAL CENTER",28420,"Kennewick-Richland, WA",WA
Voluntary,500077,"PROVIDENCE HOLY FAMILY HOSPITAL",44060,"Spokane-Spokane Valley, WA",WA
Mandatory,500150,"LEGACY SALMON CREEK MEDICAL CENTER",38900,"Portland-Vancouver-Hillsboro, OR-WA",WA
Mandatory,510001,"WEST VIRGINIA UNIVERSITY HOSPITALS, INC",34060,"Morgantown, WV",WV
Mandatory,510023,"WEIRTON MEDICAL CENTER, INC",48260,"Weirton-Steubenville, WV-OH",WV
Mandatory,510024,"MON HEALTH MEDICAL CENTER",34060,"Morgantown, WV",WV
Mandatory,510058,"CAMDEN CLARK MEDICAL CENTER",37620,"Parkersburg-Vienna, WV",WV
Mandatory,520021,"FROEDTERT PLEASANT PRAIRIE HOSPITAL",28450,"Kenosha, WI",WI
Mandatory,520034,"AURORA MEDICAL CTR MANITOWOC COUNTY",31820,"Manitowoc, WI",WI
Mandatory,520049,"BELLIN MEMORIAL HOSPITAL",24580,"Green Bay, WI",WI
Mandatory,520057,"SSM HEALTH ST CLARE HOSPITAL - BARABOO",12660,"Baraboo, WI",WI
Mandatory,520075,"ST VINCENT HOSPITAL",24580,"Green Bay, WI",WI
Mandatory,520095,"SAUK PRAIRIE HOSPITAL",12660,"Baraboo, WI",WI
Mandatory,520097,"ST MARYS HOSPITAL MEDICAL CTR",24580,"Green Bay, WI",WI
Mandatory,520107,"FROEDTERT HOLY FAMILY MEMORIAL HOSPITAL",31820,"Manitowoc, WI",WI
Voluntary,520160,"THEDACARE REGIONAL MEDICAL CENTER - APPLETON INC",11540,"Appleton, WI",WI
Mandatory,520189,"AURORA MEDICAL CTR KENOSHA",28450,"Kenosha, WI",WI
Mandatory,520193,"AURORA BAYCARE MEDICAL CTR",24580,"Green Bay, WI",WI
